City_ID,City,Lat,Lng,Max Temp,Humidity,Cloudiness,Wind Speed,Country,Date
0,grytviken,-54.2811,-36.5092,22.57,79,7,6.96,GS,1689460864
1,chonchi,-42.6128,-73.8092,42.12,93,24,2.95,CL,1689460971
2,port-aux-francais,-49.35,70.2167,34.95,57,99,21.12,TF,1689460877
3,amahai,-3.3333,128.9167,80.01,87,100,3.15,ID,1689461039
4,inda silase,14.1031,38.2829,59.29,87,96,2.42,ET,1689461040
5,bethel,41.3712,-73.414,83.68,77,0,8.05,US,1689460877
6,udachny,66.4167,112.4,44.46,75,24,7.14,RU,1689461041
7,changyon,38.2508,125.0961,73.18,83,100,1.01,KP,1689461041
8,morehead city,34.7229,-76.726,84.25,87,20,16.11,US,1689460749
9,mariental,-24.6333,17.9667,53.96,27,0,6.87,NA,1689461042
10,celestun,20.8667,-90.4,86.11,71,22,18.7,MX,1689461043
11,ushuaia,-54.8,-68.3,31.66,80,20,16.11,AR,1689460882
12,vorgashor,67.5833,63.95,49.87,72,29,1.74,RU,1689460808
13,kapuskasing,49.4169,-82.4331,77.09,60,100,6.91,CA,1689461044
14,sonoita,31.85,-112.8333,104.79,22,54,11.36,MX,1689461045
15,nova vicosa,-17.8919,-39.3719,73.02,71,100,10.45,BR,1689461045
16,iqaluit,63.7506,-68.5145,55.13,76,40,5.75,CA,1689461046
17,geraldton,-28.7667,114.6,39.61,81,0,13.8,AU,1689461046
18,rikaze,29.25,88.8833,59.25,61,99,2.39,CN,1689461046
19,karratha,-20.7377,116.8463,60.78,45,1,16.87,AU,1689461047
20,constantia,44.1833,28.65,68.7,79,0,7.07,RO,1689460889
21,gouyave,12.1646,-61.7296,81.37,89,40,12.66,GD,1689461048
22,waitangi,-43.9535,-176.5597,51.82,82,98,3.0,NZ,1689461049
23,victoria falls,-17.9235,25.843,52.65,60,0,2.95,ZW,1689461049
24,katsuura,35.1333,140.3,80.62,85,100,20.24,JP,1689461050
25,port elizabeth,-33.918,25.5701,57.49,77,0,3.44,ZA,1689461050
26,edinburgh of the seven seas,-37.0676,-12.3116,55.27,82,46,33.89,SH,1689461051
27,gebeit,21.0667,36.3167,88.88,28,86,6.78,SD,1689461051
28,kimbe,-5.5502,150.1429,83.62,65,49,9.71,PG,1689461052
29,olonkinbyen,70.9221,-8.7187,39.51,98,100,17.83,SJ,1689461052
30,san sebastian de la gomera,28.0916,-17.1133,77.36,78,0,4.61,ES,1689461053
31,saipan,15.1355,145.701,86.7,100,20,14.97,MP,1689460774
32,port mathurin,-19.6833,63.4167,73.98,80,15,17.22,MU,1689461054
33,mimizan,44.2006,-1.2289,69.89,68,54,5.55,FR,1689461054
34,greymouth,-42.4667,171.2,51.62,94,100,8.95,NZ,1689461054
35,redencao,-4.2258,-38.7306,73.33,97,7,2.46,BR,1689461055
36,puerto ayora,-0.7393,-90.3518,84.16,90,39,7.0,EC,1689461055
37,ilulissat,69.2167,-51.1,46.42,87,100,8.05,GL,1689461056
38,hermanus,-34.4187,19.2345,59.81,78,91,13.44,ZA,1689461056
39,ribeira grande,38.5167,-28.7,66.78,95,100,5.01,PT,1689460959
40,khadan khak,30.7477,67.7085,73.17,42,0,5.37,PK,1689461057
41,yellowknife,62.456,-114.3525,70.32,43,75,6.91,CA,1689461058
42,whitehorse,60.7161,-135.0538,78.1,30,75,16.11,CA,1689460841
43,tura,25.5198,90.2201,74.01,93,100,5.59,IN,1689461059
44,adamstown,-25.066,-130.1015,71.62,82,77,21.0,PN,1689461060
45,labytnangi,66.6572,66.4183,49.41,68,58,5.12,RU,1689461060
46,tommot,58.9564,126.2925,60.46,67,34,3.11,RU,1689461061
47,wailua homesteads,22.0669,-159.378,83.19,75,40,12.66,US,1689461061
48,saint-pierre,-21.3393,55.4781,71.28,88,75,18.41,RE,1689461062
49,port shepstone,-30.7414,30.455,63.28,49,4,10.27,ZA,1689461062
50,longyearbyen,78.2186,15.6401,51.64,66,0,12.66,SJ,1689460897
51,severo-yeniseyskiy,60.3725,93.0408,50.4,94,100,7.4,RU,1689461063
52,enewetak,11.3474,162.3373,81.93,81,51,16.37,MH,1689461063
53,hawaiian paradise park,19.5933,-154.9731,82.04,72,100,4.61,US,1689460800
54,cabo san lucas,22.8909,-109.9124,96.62,49,75,3.44,MX,1689460829
55,lihue,21.9789,-159.3672,83.79,68,40,12.66,US,1689461065
56,karaman,37.0833,33.25,67.62,37,0,8.59,TR,1689461065
57,stanley,54.868,-1.6985,57.27,90,75,10.36,GB,1689460887
58,georgetown,5.4112,100.3354,83.23,92,20,2.3,MY,1689460903
59,kailua-kona,19.6406,-155.9956,83.28,76,40,11.5,US,1689460819
60,hithadhoo,-0.6,73.0833,81.79,76,0,4.12,MV,1689461067
61,port saint john's,-31.6229,29.5448,64.62,51,45,10.31,ZA,1689461067
62,puerto natales,-51.7236,-72.4875,29.62,75,64,4.94,CL,1689461008
63,fort bragg,35.139,-79.006,84.34,88,40,9.22,US,1689461068
64,tiksi,71.6872,128.8694,35.92,97,100,11.07,RU,1689461068
65,ghanzi,-21.5667,21.7833,52.84,48,2,8.3,BW,1689461069
66,sola,-13.8833,167.55,78.04,79,95,26.28,VU,1689461069
67,cambebba,-3.6209,-38.8291,82.22,3,7,11.25,BR,1689461070
68,avarua,-21.2078,-159.775,78.85,78,75,3.44,CK,1689461070
69,zaragoza,41.6561,-0.8773,68.45,58,0,25.32,ES,1689460997
70,sao vicente,-23.9631,-46.3919,68.99,26,2,1.01,BR,1689460886
71,usogorsk,63.4106,48.6872,58.14,83,98,3.02,RU,1689461072
72,bilibino,68.0546,166.4372,79.84,35,9,5.86,RU,1689461072
73,brindisi,40.5833,17.6667,85.44,46,0,4.81,IT,1689461073
74,nouadhibou,20.931,-17.0347,73.38,83,26,10.36,MR,1689461073
75,souillac,-20.5167,57.5167,73.78,88,40,6.91,MU,1689461074
76,atafu village,-8.5421,-172.5159,83.41,70,55,10.92,TK,1689460873
77,arrifes,37.7667,-25.7,66.45,77,40,2.3,PT,1689461074
78,sandnessjoen,66.0217,12.6316,52.32,65,44,16.93,NO,1689461075
79,sovetskaya gavan',48.9723,140.2878,58.08,82,100,2.35,RU,1689461075
80,puerto deseado,-47.7503,-65.8938,36.48,82,73,12.64,AR,1689461076
81,barabai,-2.5833,115.3833,71.76,97,100,1.68,ID,1689461076
82,simanggang,1.2472,111.4528,75.18,100,100,3.44,MY,1689461077
83,fale old settlement,-9.3852,-171.2468,82.94,72,34,8.39,TK,1689461077
84,dudinka,69.4058,86.1778,36.63,80,81,10.74,RU,1689461077
85,nema,57.5067,50.5011,55.06,86,98,5.88,RU,1689461078
86,tofol,5.3248,163.0078,82.76,79,98,15.48,FM,1689461078
87,rio grande,-32.035,-52.0986,51.91,80,60,5.91,BR,1689461079
88,marks,51.7111,46.7486,59.2,92,100,8.01,RU,1689461079
89,blackmans bay,-43.0167,147.3167,53.73,71,96,12.73,AU,1689461080
90,puerto del rosario,28.5004,-13.8627,74.95,73,75,20.71,ES,1689461080
91,tucurui,-3.7661,-49.6725,81.73,58,34,0.74,BR,1689461080
92,ta`u,-14.2336,-169.5144,80.85,76,88,16.31,AS,1689461081
93,upington,-28.4478,21.2561,52.18,50,39,3.44,ZA,1689461081
94,yeppoon,-23.1333,150.7333,64.18,72,86,11.54,AU,1689461082
95,mazagao,-0.115,-51.2894,84.25,81,39,5.79,BR,1689461082
96,laguna,38.421,-121.4238,109.18,25,0,5.75,US,1689461082
97,ghat,24.9647,10.1728,86.36,10,0,6.76,LY,1689461083
98,kodiak,57.79,-152.4072,56.71,88,100,8.05,US,1689460925
99,goundi,9.3627,17.366,71.56,88,98,4.16,TD,1689461084
100,coquimbo,-29.9533,-71.3436,56.93,88,0,8.05,CL,1689461084
101,al artawiyah,26.5053,45.3444,87.66,9,6,8.5,SA,1689461085
102,antsiranana,-12.2787,49.2917,71.51,66,48,6.71,MG,1689461085
103,selkirk,50.1436,-96.8845,71.1,47,96,13.53,CA,1689461085
104,margaret river,-33.95,115.0667,55.98,64,2,16.15,AU,1689461086
105,zabol,32.25,67.25,75.09,17,0,9.08,AF,1689461086
106,ruidoso,33.3317,-105.673,76.26,60,0,10.36,US,1689461087
107,eyl,7.9803,49.8164,77.18,74,1,24.34,SO,1689461087
108,aktobe,50.2797,57.2072,66.29,94,20,11.18,KZ,1689461088
109,tralee,52.2704,-9.7026,55.31,91,99,17.0,IE,1689461088
110,luderitz,-26.6481,15.1594,60.22,54,0,13.62,NA,1689461088
111,papatowai,-46.5619,169.4708,47.73,75,59,18.88,NZ,1689461089
112,keningau,5.3378,116.1602,71.98,90,100,0.96,MY,1689461090
113,jamestown,42.097,-79.2353,80.24,65,0,0.0,US,1689460908
114,ponta delgada,37.7333,-25.6667,68.72,77,40,2.3,PT,1689461090
115,gorno-altaysk,51.9561,85.955,60.76,75,45,6.33,RU,1689461091
116,uturoa,-16.7333,-151.4333,79.9,61,3,9.84,PF,1689461091
117,albany,42.6001,-73.9662,86.41,73,98,1.99,US,1689460918
118,melgar,4.2048,-74.6407,83.82,64,35,4.74,CO,1689461092
119,kidal,18.4411,1.4078,81.7,60,79,12.93,ML,1689461093
120,puerto morazan,12.8504,-87.1717,92.17,64,91,6.64,NI,1689461093
121,punta arenas,-53.15,-70.9167,32.11,80,20,21.85,CL,1689460932
122,akureyri,65.6835,-18.0878,42.73,93,75,11.5,IS,1689461094
123,mount pearl,47.5166,-52.7813,73.74,56,75,10.36,CA,1689461095
124,cidreira,-30.1811,-50.2056,54.97,85,99,7.14,BR,1689461095
125,banjar,-8.19,114.9675,72.64,88,35,6.55,ID,1689461095
126,naze,28.3667,129.4833,81.52,81,50,15.66,JP,1689461096
127,iskateley,67.6803,53.1512,60.01,67,12,4.74,RU,1689461096
128,tobelo,1.7284,128.0095,77.56,86,100,6.4,ID,1689461097
129,isafjordur,66.0755,-23.124,43.11,95,100,8.12,IS,1689461097
130,al fayyum,29.31,30.8418,83.48,35,0,10.49,EG,1689461098
131,kalyandurg,14.5452,77.1055,73.98,79,100,17.09,IN,1689461098
132,ust'-kulom,61.6864,53.6902,50.25,78,66,3.11,RU,1689461099
133,mount isa,-20.7333,139.5,64.17,55,20,3.44,AU,1689461099
134,aras-asan,8.8908,126.3033,79.0,86,93,5.14,PH,1689461100
135,cooper's town,26.8667,-77.5167,85.12,73,100,15.79,BS,1689461100
136,praia da vitoria,38.7333,-27.0667,70.05,83,75,10.09,PT,1689460891
137,burang,30.25,81.1667,53.01,82,100,3.47,CN,1689461101
138,ancud,-41.8697,-73.8203,43.23,80,19,5.68,CL,1689461102
139,kirkwall,58.9848,-2.9587,55.45,94,13,6.91,GB,1689461103
140,nar'yan-mar,67.6713,53.087,60.13,67,11,4.54,RU,1689461104
141,tsengel,49.4783,100.8894,60.46,81,64,1.61,MN,1689461104
142,mahina,-17.5065,-149.489,83.97,61,20,4.61,PF,1689461105
143,lebu,-37.6167,-73.65,48.24,81,61,15.61,CL,1689461105
144,ilha de mocambique,-15.0342,40.7358,73.67,75,27,15.12,MZ,1689461106
145,chibougamau,49.9168,-74.3659,76.62,50,75,10.36,CA,1689461106
146,baiti,13.745,-14.7482,78.58,79,81,7.72,SN,1689461107
147,sitka,57.0531,-135.33,62.49,77,40,3.44,US,1689461107
148,ouarzazat,30.9189,-6.8934,93.49,6,20,6.91,MA,1689461108
149,broome,42.2506,-75.833,84.67,67,40,4.61,US,1689461108
150,al ghayzah,16.2079,52.176,78.15,90,11,8.97,YE,1689461109
151,nemuro,43.3236,145.575,55.51,99,100,10.58,JP,1689460895
152,kencong,-8.2833,113.3667,73.33,88,79,3.24,ID,1689461110
153,hamilton,39.1834,-84.5333,82.26,81,75,6.91,US,1689461110
154,daoukro,7.0591,-3.9631,71.98,99,100,3.18,CI,1689461111
155,koungou,-12.7336,45.2042,76.71,73,75,12.66,YT,1689461112
156,gisborne,-38.6533,178.0042,58.68,66,100,11.07,NZ,1689461112
157,salalah,17.0151,54.0924,78.89,100,100,6.91,OM,1689460914
158,new norfolk,-42.7826,147.0587,54.91,75,98,10.42,AU,1689461113
159,serdobsk,52.4586,44.2169,55.29,95,100,9.13,RU,1689461113
160,kijang,35.2442,129.2139,73.13,92,99,8.95,KR,1689461114
161,ikot ekpene,5.1794,7.7108,74.57,96,100,4.88,NG,1689461114
162,college,64.8569,-147.8028,67.59,66,100,6.91,US,1689461115
163,invercargill,-46.4,168.35,47.3,82,50,16.42,NZ,1689460897
164,conceicao da barra,-18.5933,-39.7322,71.85,66,96,6.64,BR,1689461108
165,inhambane,-23.865,35.3833,63.7,80,0,3.02,MZ,1689461116
166,west island,-12.1568,96.8225,76.98,73,100,16.11,CC,1689461117
167,santa ana,33.7456,-117.8678,105.4,58,40,13.8,US,1689461118
168,punasa,22.2333,76.4,75.76,93,100,9.08,IN,1689461119
169,baruun-urt,46.6806,113.2792,67.87,50,1,2.86,MN,1689461119
170,watampone,-4.5386,120.3279,75.49,86,73,3.85,ID,1689461120
171,puerto carreno,6.189,-67.4859,76.98,94,40,2.3,CO,1689461120
172,kurchatov,51.6601,35.6521,57.61,91,26,6.64,RU,1689461121
173,gaigeturi,33.4644,126.3183,82.45,83,40,6.91,KR,1689461121
174,tapejara,-28.0681,-52.0139,50.38,84,35,1.19,BR,1689461122
175,smithers,54.7804,-127.1743,75.52,38,75,6.91,CA,1689460917
176,klyuchi,52.2667,79.1667,70.2,40,49,16.22,RU,1689460898
177,san borja,-14.8167,-66.85,70.57,67,0,1.68,BO,1689461123
178,kone,-21.0595,164.8658,73.06,47,16,10.29,NC,1689461124
179,ephrata,40.1798,-76.1788,88.25,69,96,1.99,US,1689461124
180,turceni,44.6833,23.3667,69.89,70,0,3.56,RO,1689461124
181,qaqortoq,60.7167,-46.0333,42.75,92,100,4.97,GL,1689460903
182,selfoss,63.9331,-20.9971,50.04,77,77,9.95,IS,1689461125
183,howard springs,-12.497,131.047,74.82,72,61,8.23,AU,1689461126
184,ceeldheer,3.8488,47.1806,75.99,84,37,16.4,SO,1689461126
185,amga,60.8953,131.9608,60.91,51,25,1.63,RU,1689461127
186,papao,-17.75,-149.55,83.88,66,2,8.01,PF,1689461127
187,quellon,-43.1167,-73.6167,43.05,87,40,4.61,CL,1689461128
188,dunedin,-45.8742,170.5036,54.81,61,90,1.99,NZ,1689461128
189,terrace,54.5163,-128.6035,66.11,82,100,4.61,CA,1689461129
190,saint-philippe,-21.3585,55.7679,71.19,88,68,14.18,RE,1689461130
191,hovd,48.0056,91.6419,70.93,33,4,7.7,MN,1689461130
192,aasiaat,68.7098,-52.8699,37.69,96,100,10.85,GL,1689461131
193,victoria point,-27.5833,153.3,64.94,77,7,5.86,AU,1689461132
194,trifesti,47.45,27.5167,74.17,50,14,1.88,RO,1689461132
195,richards bay,-28.783,32.0377,59.7,61,7,6.31,ZA,1689461133
196,durant,33.994,-96.3708,90.73,67,0,8.05,US,1689461101
197,camana,-16.6228,-72.7111,63.64,85,20,5.21,PE,1689461133
198,vila velha,-20.3297,-40.2925,68.95,80,75,4.61,BR,1689461134
199,saidpur,25.7777,88.8917,78.39,89,100,9.73,BD,1689461134
200,pacific grove,36.6177,-121.9166,89.65,78,40,9.22,US,1689461135
201,ust-nera,64.5667,143.2,62.83,84,83,6.49,RU,1689461135
202,piacabucu,-10.4056,-36.4344,74.91,86,4,7.94,BR,1689461136
203,labuan,5.2767,115.2417,79.16,83,20,3.44,MY,1689461136
204,hirara,24.8,125.2833,84.06,89,40,17.27,JP,1689461136
205,notodden,59.5594,9.2585,61.75,89,100,4.0,NO,1689461137
206,tondano,1.3038,124.9112,68.09,90,100,2.04,ID,1689461137
207,petropavlovsk-kamchatsky,53.0452,158.6483,57.79,94,75,4.47,RU,1689461121
208,yuzhno-kurilsk,44.0306,145.8556,56.28,97,100,4.47,RU,1689461138
209,uray,60.1247,64.7758,52.48,75,48,8.5,RU,1689461138
210,tolanaro,-25.0319,46.9987,68.07,73,20,9.22,MG,1689461139
211,east end,34.5507,-92.341,91.29,57,81,4.7,US,1689461139
212,kiunga,-6.1219,141.2906,72.52,93,100,1.99,PG,1689461140
213,sukuta,13.4103,-16.7082,80.62,83,75,4.61,GM,1689461141
214,mahibadhoo,3.7833,72.9667,82.78,75,36,7.85,MV,1689461141
215,narasapur,16.45,81.6667,80.8,82,100,6.24,IN,1689461142
216,nova sintra,14.8667,-24.7167,72.54,79,73,2.57,CV,1689461142
217,polyarnyy,69.1989,33.4478,55.08,96,98,2.93,RU,1689461001
218,hasaki,35.7333,140.8333,84.6,80,100,11.88,JP,1689461143
219,carnarvon,-24.8667,113.6333,55.62,41,0,13.47,AU,1689461144
220,fuglafjordur,62.244,-6.814,54.07,94,100,26.02,FO,1689461144
221,st. john's,47.5649,-52.7093,74.59,56,75,10.36,CA,1689461145
222,tsiombe,-25.3,45.4833,60.17,73,0,5.39,MG,1689461145
223,ola,59.5833,151.2833,62.15,74,41,5.68,RU,1689461145
224,plastun,44.7561,136.2939,62.08,83,99,5.91,RU,1689461146
225,dingras,18.1032,120.6967,76.75,94,100,3.44,PH,1689461146
226,ak-suu,42.4995,78.527,64.18,49,50,5.19,KG,1689461147
227,port lincoln,-34.7333,135.8667,51.49,65,48,4.74,AU,1689460972
228,holualoa,19.6228,-155.9522,76.84,77,40,11.5,US,1689461148
229,singkil,-7.9855,111.4161,70.63,92,39,4.99,ID,1689461148
230,vilyuchinsk,52.9306,158.4028,59.27,86,99,3.96,RU,1689461148
231,zhangye,38.9342,100.4517,71.98,31,2,8.05,CN,1689460998
232,la gi,10.6667,107.7833,78.04,90,100,9.64,VN,1689461149
233,conduaga,8.862,117.4893,80.15,87,100,12.71,PH,1689461150
234,shimoda,34.6667,138.95,78.93,89,79,18.48,JP,1689461150
235,port alfred,-33.5906,26.891,60.98,80,92,8.41,ZA,1689461150
236,kapa'a,22.0752,-159.319,84.52,74,40,12.66,US,1689461151
237,hami,42.8,93.45,87.62,12,5,8.77,CN,1689461151
238,sinabang,2.4803,96.3801,78.42,81,100,1.7,ID,1689461152
239,crane,31.3974,-102.3501,102.31,16,33,19.98,US,1689461152
240,codrington,-38.2667,141.9667,49.86,78,77,8.34,AU,1689461153
241,revda,56.801,59.9303,52.05,98,100,2.86,RU,1689461153
242,lilongwe,-13.9669,33.7873,55.63,61,0,4.43,MW,1689461153
243,saint croix,17.7397,-64.7388,82.85,74,40,13.8,VI,1689461154
244,solleftea,63.1667,17.2667,62.46,85,97,4.34,SE,1689461154
245,wynyard,-41.0,145.7167,51.98,80,65,12.5,AU,1689461155
246,mar del plata,-38.0023,-57.5575,47.95,68,20,17.0,AR,1689461155
247,bredasdorp,-34.5322,20.0403,58.1,58,84,8.05,ZA,1689460873
248,rio verde de mato grosso,-18.9181,-54.8442,71.19,43,20,3.29,BR,1689461156
249,ouesso,1.6136,16.0517,72.9,85,99,2.35,CG,1689461156
250,bahia de kino,28.8333,-111.9333,105.93,58,13,11.18,MX,1689461157
251,auki,-8.7676,160.7034,79.0,83,100,3.89,SB,1689461157
252,fortuna,40.5982,-124.1573,68.94,81,0,16.11,US,1689461158
253,essaouira,31.5125,-9.77,72.9,84,0,10.36,MA,1689461158
254,happy valley-goose bay,53.3168,-60.3315,82.71,47,75,3.44,CA,1689461159
255,cockburn town,21.4612,-71.1419,82.85,86,0,17.18,TC,1689461159
256,kuta,-8.7233,115.1723,75.15,88,75,2.3,ID,1689461160
257,along,28.1667,94.7667,75.34,99,99,1.83,IN,1689461160
258,diu,20.7141,70.9822,80.82,82,85,14.97,IN,1689461161
259,adigrat,14.277,39.462,58.46,80,15,3.38,ET,1689461161
260,portland,45.5234,-122.6762,99.61,28,20,12.66,US,1689460882
261,nagqu,31.5,92.0,36.72,88,13,2.21,CN,1689461162
262,waounde,15.2637,-12.8682,90.39,54,87,15.05,SN,1689461162
263,santa terezinha,-29.9002,-50.0904,55.02,86,99,6.31,BR,1689461163
264,jayapura,-2.5333,140.7,81.79,84,65,1.36,ID,1689461164
265,deoli,25.75,75.3833,79.66,81,100,5.3,IN,1689461164
266,chita,52.0333,113.55,57.09,94,2,0.0,RU,1689461165
267,bikenibeu village,1.3673,173.1241,87.76,70,20,5.75,KI,1689461165
268,mugumu,-1.85,34.7,65.23,50,76,2.98,TZ,1689461166
269,badger,64.8,-147.5333,67.51,63,100,6.91,US,1689460909
270,lerwick,60.1545,-1.1494,57.2,93,95,6.26,GB,1689460959
271,recani,31.2846,-4.2688,90.91,9,4,8.55,MA,1689461167
272,kununurra,-15.7667,128.7333,64.38,88,1,0.0,AU,1689461168
273,mangalia,43.8,28.5833,69.87,82,0,6.6,RO,1689461093
274,el granada,37.5027,-122.4694,98.92,69,20,14.97,US,1689461169
275,east london,-33.0153,27.9116,64.11,56,77,5.5,ZA,1689461007
276,berdigestyakh,62.0989,126.6992,53.58,52,25,6.33,RU,1689461169
277,thompson,55.7435,-97.8558,53.76,87,100,5.75,CA,1689460938
278,phang nga,8.4509,98.5298,82.44,95,100,4.99,TH,1689461170
279,merizo village,13.2658,144.6691,85.98,88,67,15.9,GU,1689461171
280,lalsot,26.5667,76.3333,78.42,88,100,5.53,IN,1689461172
281,vallenar,-28.5708,-70.7581,60.69,43,1,1.01,CL,1689461172
282,illizi,26.4833,8.4667,89.4,10,0,9.75,DZ,1689461173
283,mili,6.0815,171.735,83.19,75,100,17.45,MH,1689461173
284,arkhangel'sk,64.5401,40.5433,58.06,78,92,3.74,RU,1689461052
285,al jawf,29.5,38.75,88.83,13,3,9.44,SA,1689461174
286,campoverde,-8.4753,-74.8058,74.89,65,75,0.51,PE,1689461174
287,as sulayyil,20.4607,45.5779,91.65,10,58,3.27,SA,1689461175
288,dingli,35.8614,14.3822,79.81,21,0,5.75,MT,1689461175
289,balqash,46.8481,74.995,70.36,42,0,3.42,KZ,1689461176
290,ulladulla,-35.35,150.4667,57.09,76,96,4.59,AU,1689461176
291,kalininsk,51.5,44.4758,57.47,95,100,12.06,RU,1689461177
292,ploneour-lanvern,47.9,-4.2833,59.32,94,100,11.5,FR,1689461177
293,suva,-18.1416,178.4415,69.28,94,75,2.3,FJ,1689460881
294,pompeu,-19.2244,-44.9353,65.37,72,67,8.59,BR,1689461178
295,ayr,55.4627,-4.6339,58.98,88,75,8.05,GB,1689460883
296,shahr-e babak,30.1165,55.1186,75.88,16,2,6.93,IR,1689461179
297,buala,-8.145,159.5921,79.52,86,100,3.74,SB,1689461180
298,nurota,40.5614,65.6886,73.99,26,0,10.45,UZ,1689461180
299,luanda,-8.8368,13.2343,69.8,88,75,3.44,AO,1689461181
300,pasni,25.2631,63.471,81.54,80,97,9.17,PK,1689461181
301,tucuma,-0.1833,-50.05,77.63,87,62,7.63,BR,1689461182
302,winnemucca,40.973,-117.7357,99.01,9,0,6.71,US,1689461183
303,sai buri,6.7013,101.6168,78.51,88,99,8.32,TH,1689461183
304,qacha's nek,-30.1154,28.6894,36.34,70,4,7.65,LS,1689461184
305,francisco beltrao,-26.0811,-53.055,54.54,71,70,0.31,BR,1689461184
306,ciudad rodrigo,40.6,-6.5333,59.77,57,0,3.4,ES,1689461185
307,ormara,25.2088,64.6357,82.27,77,55,13.31,PK,1689461186
308,bubaque,11.2833,-15.8333,80.46,80,100,14.23,GW,1689461186
309,yeniseysk,58.4497,92.1703,55.62,98,98,2.28,RU,1689461187
310,kalmunai,7.4167,81.8167,80.28,81,97,6.4,LK,1689461187
311,evanston,42.0411,-87.6901,85.1,64,75,12.66,US,1689460847
312,tamandare,-8.7597,-35.1047,76.05,86,8,7.31,BR,1689461188
313,puerto baquerizo moreno,-0.9,-89.6,79.79,78,75,14.97,EC,1689461189
314,sisimiut,66.9395,-53.6735,40.3,94,100,5.88,GL,1689461189
315,vrangel',42.7297,133.0839,59.81,92,100,19.75,RU,1689461190
316,porto tolle,44.9497,12.3245,77.36,85,0,5.21,IT,1689461190
317,carbonear,47.7332,-53.2148,75.04,85,87,6.78,CA,1689461190
318,sabha,27.0377,14.4283,85.15,20,0,8.77,LY,1689461191
319,syanno,54.8106,29.7069,55.67,64,24,2.98,BY,1689461191
320,rawson,-43.3002,-65.1023,43.16,61,4,10.85,AR,1689461192
321,embi,48.8264,58.1442,68.65,52,72,10.74,KZ,1689461192
322,san-pedro,4.7485,-6.6363,75.81,90,28,6.22,CI,1689461193
323,awjilah,29.1081,21.2869,81.36,61,2,11.99,LY,1689461193
324,altamira,-3.2033,-52.2064,77.86,69,77,2.64,BR,1689460982
325,agat village,13.3886,144.6585,86.36,82,20,12.66,GU,1689461194
326,tazovsky,67.4667,78.7,42.1,83,63,8.57,RU,1689461195
327,la ronge,55.1001,-105.2842,66.45,48,75,12.66,CA,1689461195
328,qamdo,31.1667,97.2333,38.71,82,75,3.02,CN,1689461195
329,tweed heads,-28.1817,153.547,66.0,88,100,0.0,AU,1689461196
330,fort mcmurray,56.7268,-111.381,67.59,59,100,4.61,CA,1689461004
331,mizdah,31.4451,12.9801,77.9,33,0,7.18,LY,1689461197
332,yanchep,-31.55,115.6833,48.33,59,0,10.4,AU,1689461197
333,kuusamo,65.9667,29.1833,55.44,88,0,1.14,FI,1689461198
334,susuman,62.7833,148.1667,70.65,63,86,8.01,RU,1689461198
335,walvis bay,-22.9575,14.5053,54.09,76,0,2.3,NA,1689461198
336,san patricio,28.017,-97.5169,99.16,47,12,17.43,US,1689461199
337,utrik,11.2278,169.8474,83.14,74,18,15.61,MH,1689461199
338,casper,42.8666,-106.3131,88.39,17,20,16.11,US,1689461031
339,alaghsas,17.0187,8.0168,93.06,26,96,7.49,NE,1689461200
340,mandera,3.9366,41.867,80.1,57,94,18.25,KE,1689461200
341,nelson bay,-32.7167,152.15,63.0,76,87,7.0,AU,1689461201
342,tlahualilo de zaragoza,26.1167,-103.45,99.59,17,98,8.46,MX,1689461201
343,barranca,-10.75,-77.7667,68.14,81,15,10.96,PE,1689461158
344,minas de marcona,-15.2119,-75.1103,56.68,79,12,9.1,PE,1689461202
345,muisne,0.6,-80.0333,78.06,87,80,6.13,EC,1689461203
346,jordan,31.0,36.0,79.86,30,1,9.1,JO,1689461182
347,severnoye,56.3491,78.3619,55.42,98,100,5.61,RU,1689461203
348,santa maria,-29.6842,-53.8069,47.5,100,75,2.3,BR,1689461025
349,hadibu,12.65,54.0333,77.74,81,28,22.15,YE,1689461204
350,urzhar,47.093,81.6294,67.21,28,0,2.46,KZ,1689461205
351,mo i rana,66.3128,14.1428,55.33,77,26,5.01,NO,1689461205
352,gamba,-2.65,10.0,67.69,96,8,2.46,GA,1689461206
353,quelimane,-17.8786,36.8883,66.15,93,75,5.01,MZ,1689461206
354,nanuque,-17.8392,-40.3539,70.3,71,100,8.68,BR,1689461207
355,beas de segura,38.2524,-2.8888,75.16,35,0,4.29,ES,1689461208
356,scarborough,54.2797,-0.4044,61.66,84,97,8.99,GB,1689461003
357,canico,32.6333,-16.85,72.72,76,20,13.8,PT,1689461208
358,sikonge,-5.6333,32.7667,63.54,46,0,3.51,TZ,1689461209
359,soe,-9.8607,124.284,64.22,86,75,3.49,ID,1689461209
360,pionerskiy,54.9508,20.2275,65.75,61,68,15.28,RU,1689461210
361,touros,-5.1989,-35.4608,77.99,82,3,14.16,BR,1689460979
362,gadzhiyevo,69.2551,33.3362,54.41,97,96,3.96,RU,1689461232
363,hammerfest,70.6634,23.6821,54.05,82,100,3.44,NO,1689461233
364,aldama,22.9167,-98.0667,98.49,52,45,13.65,MX,1689461233
365,ar rutbah,33.0381,40.2848,85.3,17,0,8.81,IQ,1689461234
366,lazaro cardenas,17.9583,-102.2,88.75,64,82,9.53,MX,1689461234
367,rexburg,43.826,-111.7897,87.78,22,0,10.36,US,1689461235
368,lamu,-2.2717,40.902,75.42,84,35,15.35,KE,1689461235
369,qarqaraly,49.4058,75.4742,57.92,51,41,10.83,KZ,1689461236
370,saint-francois,46.4154,3.9054,60.24,94,75,4.61,FR,1689461236
371,st. thomas,42.7736,-81.1804,72.16,80,100,2.68,CA,1689461118
372,bandarbeyla,9.4942,50.8122,76.28,77,0,29.08,SO,1689461237
373,bure,10.7,37.0667,54.88,95,64,3.36,ET,1689461238
374,labrador city,52.9463,-66.9114,69.71,60,100,2.3,CA,1689461238
375,lobujya,27.95,86.8167,39.34,87,99,1.52,NP,1689461239
376,sofo-birnin-gwari,11.0154,6.7804,76.3,71,30,3.87,NG,1689461239
377,maryville,35.7565,-83.9705,82.54,92,75,11.5,US,1689461120
378,grand falls-windsor,48.9332,-55.6649,76.5,74,98,11.99,CA,1689461240
379,port augusta,-32.5,137.7667,46.67,73,0,5.44,AU,1689461241
380,al wajh,26.2455,36.4525,84.15,89,0,6.91,SA,1689461241
381,bodo,67.28,14.405,55.44,79,0,14.97,NO,1689461241
382,sterling,39.0062,-77.4286,88.99,70,75,13.8,US,1689461108
383,sarh,9.1429,18.3923,76.91,94,0,2.3,TD,1689461242
384,zhanaozen,43.3,52.8,78.71,43,73,14.79,KZ,1689461243
385,roma,43.2128,-75.4557,85.68,67,0,8.05,US,1689461243
386,neelankarai,12.9455,80.2575,86.05,74,40,11.5,IN,1689461244
387,whakatane,-37.9585,176.9854,60.51,81,100,1.99,NZ,1689461244
388,raja,8.4596,25.678,71.35,84,92,3.74,SS,1689461245
389,pindiga,9.9833,10.9333,77.68,65,98,6.38,NG,1689461245
390,alice springs,-23.7,133.8833,49.55,93,75,6.91,AU,1689461246
391,callao,-12.0667,-77.15,73.72,64,0,12.66,PE,1689461246
392,afaahiti,-17.75,-149.2833,82.27,68,17,8.68,PF,1689461247
393,yanam,16.7333,82.2167,80.4,82,100,4.34,IN,1689461247
394,santo antonio do ica,-3.1022,-67.9397,75.04,97,96,2.21,BR,1689461248
395,remire-montjoly,4.9167,-52.2667,82.44,78,0,2.3,GF,1689461248
396,coweta,33.3835,-84.7666,90.34,63,100,9.22,US,1689461249
397,zeya,53.75,127.2667,75.96,61,91,1.1,RU,1689461249
398,porto seguro,-16.4497,-39.0647,68.52,100,100,3.44,BR,1689461250
399,jihlava,49.3961,15.5912,74.75,83,0,12.57,CZ,1689461250
400,tsarevo,42.1667,27.85,70.14,88,0,2.75,BG,1689461251
401,guerrero negro,27.9769,-114.0611,75.63,59,14,17.69,MX,1689461213
402,mikhaylovka,50.06,43.2379,61.79,87,59,11.36,RU,1689461252
403,kirakira,-10.4544,161.9205,79.27,85,100,8.21,SB,1689461252
404,taoudenni,22.6783,-3.9836,99.61,19,6,18.39,ML,1689461252
405,carupano,10.6678,-63.2585,80.1,85,37,10.51,VE,1689461186
406,warrnambool,-38.3833,142.4833,51.69,73,80,11.21,AU,1689461253
407,kachug,53.9606,105.8817,63.75,82,13,2.13,RU,1689461254
408,brisas de zicatela,15.8369,-97.0419,90.12,62,20,9.22,MX,1689461254
409,baissa,7.2333,10.6333,72.91,94,97,2.04,NG,1689461255
410,lodwar,3.1191,35.5973,80.02,48,16,17.22,KE,1689461255
411,nogliki,51.8333,143.1667,56.68,75,99,7.49,RU,1689461255
412,sinan,34.8262,126.1086,73.51,98,100,1.92,KR,1689461256
413,lospalos,-8.5186,127.0025,71.46,84,82,5.95,TL,1689461256
414,arkadak,51.9326,43.4978,56.64,96,100,10.71,RU,1689461257
415,chui,-33.6971,-53.4616,49.08,77,47,4.36,UY,1689461077
416,erdenet,49.0333,104.0833,60.8,83,96,2.28,MN,1689461258
417,basarabeasca,46.3311,28.9728,70.0,44,1,2.68,MD,1689461259
418,llazice,42.5553,20.7633,72.34,76,0,2.26,XK,1689461259
419,queenstown,-31.8976,26.8753,51.53,48,51,8.52,ZA,1689461259
420,weno,7.4515,151.8468,85.95,84,100,5.75,FM,1689461260
421,syracuse,37.0881,15.2792,79.32,52,0,4.21,IT,1689460965
422,salekhard,66.53,66.6019,49.1,65,73,6.67,RU,1689461261
423,anadyr,64.75,177.4833,63.1,72,0,11.18,RU,1689460990
424,luwuk,-0.9516,122.7875,76.95,82,94,3.96,ID,1689461261
425,hadsund,56.7148,10.1168,62.56,94,78,5.01,DK,1689461262
426,pontes e lacerda,-15.2261,-59.3353,73.13,47,1,1.59,BR,1689461262
427,viedma,-40.8135,-62.9967,47.53,64,98,16.04,AR,1689461263
428,dahab,28.501,34.5134,92.08,33,1,8.88,EG,1689461264
429,trincomalee,8.5711,81.2335,82.49,75,91,20.8,LK,1689461264
430,sodra sandby,56.5667,16.6167,67.86,77,99,19.98,SE,1689461264
431,keflavik,64.0049,-22.5624,51.71,76,0,20.71,IS,1689461265
432,hultsfred,57.4882,15.8436,61.65,79,77,9.44,SE,1689461265
433,vozhega,60.4725,40.2213,57.07,75,98,2.51,RU,1689461266
434,rio gallegos,-51.6226,-69.2181,30.25,74,0,16.11,AR,1689461266
435,kill devil hills,36.0307,-75.676,84.2,86,0,17.27,US,1689461266
436,posto fiscal rolim de moura,-13.0833,-62.2667,75.81,54,1,1.77,BR,1689461267
437,igrim,63.1906,64.4162,54.88,72,2,2.1,RU,1689461267
438,san jeronimo de juarez,17.1333,-100.4667,88.27,65,24,6.78,MX,1689461268
439,codajas,-3.8367,-62.0569,79.84,76,77,1.21,BR,1689461268
440,san luis de la loma,17.2706,-100.8939,88.27,65,29,7.14,MX,1689461268
441,coronel suarez,-37.4547,-61.9334,39.76,61,2,7.96,AR,1689461269
442,tazacorte,28.629,-17.9293,74.37,95,100,17.27,ES,1689461269
443,kerikeri,-35.2268,173.9474,57.9,91,90,3.0,NZ,1689461270
444,safotu,-13.4513,-172.4018,81.19,83,41,18.54,WS,1689461270
445,colonia,50.9333,6.95,71.96,68,0,14.97,DE,1689461262
446,mejit,10.2753,170.8646,82.89,76,38,15.61,MH,1689461271
447,newman,37.3138,-121.0208,106.14,8,0,7.05,US,1689461271
448,aberdeen,57.1437,-2.0981,54.54,95,25,6.91,GB,1689461097
449,talnakh,69.4865,88.3972,36.21,88,100,11.72,RU,1689461272
450,port douglas,-16.4833,145.4667,73.87,76,37,12.08,AU,1689461272
451,skowhegan,44.7651,-69.7192,78.15,87,97,3.49,US,1689461273
452,kresttsy,58.2452,32.5165,56.57,93,79,3.69,RU,1689461273
453,bamboo flat,11.7,92.7167,80.69,89,75,8.05,IN,1689461274
454,tosontsengel,48.7567,98.2839,55.58,76,4,0.27,MN,1689461275
455,la'ie,21.6477,-157.9253,85.87,66,7,12.33,US,1689461275
456,bel ombre,-4.6167,55.4167,78.64,83,40,10.36,SC,1689461275
457,la sarre,48.8002,-79.1996,69.17,83,91,9.04,CA,1689461276
458,zyrya,40.3661,50.2917,77.09,66,0,13.91,AZ,1689461277
459,harper,4.375,-7.7169,76.06,86,11,6.08,LR,1689461277
460,abha,18.2164,42.5053,66.02,39,0,0.0,SA,1689461277
461,marsa alam,25.0757,34.8918,89.33,45,3,8.23,EG,1689461278
462,egilsstadir,65.2653,-14.3948,44.51,81,75,13.8,IS,1689461278
463,port hueneme,34.1478,-119.1951,102.36,69,0,9.22,US,1689461279
464,ta'izz,13.5,44.0,78.48,44,8,3.6,YE,1689461279
465,kem',64.9555,34.5793,55.8,95,38,3.76,RU,1689461280
466,thrissur,10.5167,76.2167,76.98,94,100,0.49,IN,1689461282
467,mugia,43.1041,-9.2179,59.92,73,12,8.37,ES,1689461282
468,poronaysk,49.2167,143.1167,60.26,75,100,3.76,RU,1689461283
469,yanbu,24.0891,38.0637,96.84,24,0,4.61,SA,1689461283
470,haiku-pauwela,20.9219,-156.3051,84.22,56,40,25.32,US,1689461284
471,isangel,-19.55,169.2667,72.77,74,42,21.99,VU,1689461284
472,thunder bay,48.4001,-89.3168,69.71,52,75,9.22,CA,1689461285
473,cromwell,41.5951,-72.6454,84.81,79,75,12.66,US,1689461285
474,wuchuan,21.4571,110.7659,80.8,86,100,8.28,CN,1689461286
475,acajutla,13.5928,-89.8275,84.07,75,96,6.35,SV,1689461286
476,lashio,22.9333,97.75,68.95,100,100,1.32,MM,1689461287
477,sao jose da coroa grande,-8.8978,-35.1478,76.21,85,7,8.01,BR,1689461287
478,galle,6.0367,80.217,80.74,84,63,11.21,LK,1689461288
479,mckees rocks,40.4656,-80.0656,86.5,67,100,8.05,US,1689461288
480,maunabo,18.0072,-65.8993,85.12,89,46,12.3,PR,1689461289
481,priargunsk,50.3691,119.1012,67.8,50,3,3.78,RU,1689461289
482,palangkaraya,-2.2,113.8333,72.95,98,100,2.39,ID,1689461289
483,bastrop,32.7562,-91.8724,94.69,61,40,8.05,US,1689461290
484,antofagasta,-23.65,-70.4,63.68,86,72,6.44,CL,1689461092
485,palu,-0.8917,119.8707,76.21,94,84,2.75,ID,1689461291
486,malanje,-9.5402,16.341,68.18,37,2,3.69,AO,1689461291
487,hlusk,52.903,28.6845,57.88,67,78,4.25,BY,1689461291
488,uttarkashi,30.7333,78.45,73.38,96,94,0.74,IN,1689461292
489,alofi,-19.0595,-169.9187,75.09,73,89,16.11,NU,1689461292
490,cruzeiro do sul,-29.5128,-51.9853,56.52,87,65,0.47,BR,1689461293
491,cururupu,-1.8283,-44.8683,75.54,88,47,3.87,BR,1689461293
492,bakchar,57.0186,82.0711,56.71,95,99,4.7,RU,1689461294
493,mil'kovo,55.6078,37.7956,59.49,92,56,6.11,RU,1689461294
494,xique xique,-10.8217,-42.7311,83.62,38,24,16.84,BR,1689461295
495,gao,16.6362,1.637,84.49,55,83,11.74,ML,1689461295
496,kota kinabalu,5.9749,116.0724,75.18,94,40,7.0,MY,1689461295
497,howrah,22.5892,88.3103,80.6,89,75,4.61,IN,1689461120
498,vadso,70.0744,29.7487,56.28,94,100,4.61,NO,1689461296
499,keetmanshoop,-26.5833,18.1333,58.12,33,16,3.44,NA,1689461297
500,vila franca do campo,37.7167,-25.4333,68.41,82,68,6.11,PT,1689461297
501,yalvac,38.2956,31.1778,66.6,55,0,5.44,TR,1689461298
502,necochea,-38.5473,-58.7368,44.89,69,9,16.78,AR,1689461238
503,pagar alam,-4.0167,103.2667,66.11,98,83,3.09,ID,1689461299
504,arraias,-12.9288,-46.9437,77.16,27,3,3.44,BR,1689461299
505,iguape,-24.7081,-47.5553,61.56,83,13,4.79,BR,1689461299
506,ambon,-3.6954,128.1814,79.88,95,40,8.05,ID,1689461041
507,colotlan,22.1,-103.2667,89.58,19,44,10.65,MX,1689461175
508,anamur,36.0751,32.8369,86.63,39,0,9.78,TR,1689461301
509,markaz-e hukumat-e darweshan,31.1323,64.1934,83.08,14,0,11.1,AF,1689461302
510,maughold,54.2988,-4.3184,58.23,91,84,21.36,IM,1689461302
511,saldanha,-33.0117,17.9442,55.45,90,100,10.09,ZA,1689461303
512,grand forks,47.9417,-97.4337,71.33,45,100,13.8,US,1689461303
513,magistral'nyy,56.1725,107.4458,59.86,87,68,1.74,RU,1689461304
514,yuci,37.6803,112.7319,69.55,60,0,2.24,CN,1689461304
515,city of balikpapan,-1.242,116.8942,80.55,89,40,9.22,ID,1689461305
516,borogontsy,62.6683,131.1683,56.64,58,39,4.29,RU,1689461305
517,delafield,43.0608,-88.4037,83.77,53,40,12.66,US,1689461306
518,high rock,26.6208,-78.2833,86.02,69,63,14.85,BS,1689461306
519,newnham,-41.3833,147.1333,52.32,88,91,16.11,AU,1689461306
520,vilyuysk,63.7553,121.6247,47.07,83,100,9.51,RU,1689461307
521,baltiysk,54.6538,19.911,71.06,59,46,15.48,RU,1689461307
522,childress,34.4264,-100.204,89.85,45,0,0.0,US,1689461162
523,timimoun,29.2639,0.231,93.58,7,0,11.5,DZ,1689461308
524,manokwari,-0.8667,134.0833,78.04,79,100,4.27,ID,1689461309
525,iranshahr,27.2025,60.6848,93.56,33,2,11.88,IR,1689461309
526,bolgar,54.95,49.0667,59.83,83,100,13.09,RU,1689461310
527,nadi,-17.8,177.4167,68.0,94,100,3.44,FJ,1689461027
528,barroquinha,-3.0189,-41.1361,78.75,76,27,8.77,BR,1689461310
529,porto novo,6.4965,2.6036,78.62,88,70,7.11,BJ,1689461311
530,amursk,50.2261,136.8994,67.1,54,100,5.48,RU,1689461312
531,nambutalai,9.7167,79.0,84.4,67,100,4.16,IN,1689461312
532,nuuk,64.1835,-51.7216,49.87,93,100,10.36,GL,1689461313
533,bol,13.4586,14.7147,82.22,69,33,8.1,TD,1689461313
534,yakutsk,62.0339,129.7331,55.36,62,0,2.24,RU,1689461314
535,kirensk,57.7853,108.1119,54.45,77,100,1.66,RU,1689461314
536,odranci,46.5867,16.2803,79.84,81,0,6.69,SI,1689461315
537,neiafu,-18.65,-173.9833,75.88,73,75,11.5,TO,1689461315
538,ankang,32.68,109.0172,72.23,76,0,0.76,CN,1689461316
539,ewo,-0.8725,14.8206,80.47,57,100,3.85,CG,1689461316
540,tougan,13.0667,-3.0667,85.77,53,99,3.69,BF,1689461316
541,camarinas,43.1311,-9.1817,59.94,75,13,7.87,ES,1689461317
542,padang,-0.9492,100.3543,76.6,81,100,3.2,ID,1689461317
543,chernyshevskiy,63.0128,112.4714,51.04,54,17,2.86,RU,1689461318
544,lompoc,34.6391,-120.4579,95.77,70,20,8.05,US,1689461318
545,ocean city,39.2776,-74.5746,83.01,85,85,3.0,US,1689461319
546,maputo,-25.9653,32.5892,60.48,63,0,7.0,MZ,1689461227
547,senillosa,-39.0,-68.4167,49.78,57,0,9.78,AR,1689461319
548,brookings,44.3114,-96.7984,74.1,64,75,14.97,US,1689461156
549,tanumah,27.1,44.1333,89.91,9,1,9.69,SA,1689461320
550,mhamid,29.82,-5.72,94.14,6,0,10.47,MA,1689461321
551,punta del este,-34.9667,-54.95,51.87,80,100,10.0,UY,1689461321
552,banda aceh,5.5577,95.3222,79.14,77,98,13.82,ID,1689461115
553,mount gambier,-37.8333,140.7667,51.33,74,87,5.77,AU,1689461322
554,joroinen,62.1782,27.8317,59.99,79,82,4.43,FI,1689461322
555,nantucket,41.2835,-70.0995,77.14,93,75,10.36,US,1689461323
556,garh maharaja,30.8339,71.9053,91.96,50,10,9.37,PK,1689461323
557,greenville,35.6127,-77.3663,82.56,100,100,3.44,US,1689460725
558,yung shue wan,22.2333,114.1167,85.62,78,91,11.72,HK,1689461324
559,rabaul,-4.1967,152.1721,80.55,77,89,6.91,PG,1689461324
560,tangalle,6.024,80.7911,78.4,90,77,9.4,LK,1689461325
561,northam,51.0333,-4.2167,59.61,87,99,22.24,GB,1689461327
562,leova,46.4786,28.2553,70.45,46,3,2.01,MD,1689461327
563,seven pagodas,12.6264,80.1722,86.05,74,100,11.39,IN,1689461328
564,kikwit,-5.041,18.8162,75.78,33,6,1.59,CD,1689461328
565,jinxiang,27.4327,120.6062,82.0,87,16,4.47,CN,1689461328
566,macas,-2.3167,-78.1167,73.15,83,40,6.91,EC,1689461329
567,iraucuba,-3.7461,-39.7833,75.15,78,14,6.38,BR,1689461329
568,dodoma,-6.1722,35.7395,61.79,61,0,7.58,TZ,1689461104
569,kudahuvadhoo,2.6708,72.8944,82.72,73,50,5.08,MV,1689461330
570,balkanabat,39.5108,54.3671,82.76,47,59,8.19,TM,1689461330
571,makushino,55.2103,67.2442,56.88,97,100,8.99,RU,1689461331
572,al burayqah,30.4062,19.5739,78.31,88,0,13.89,LY,1689461331
573,santiago de cao,-7.9589,-79.2392,75.33,78,75,10.36,PE,1689461332
574,piti village,13.4626,144.6933,86.31,81,20,12.66,GU,1689461332
575,bor,56.3567,44.0669,57.13,92,94,5.03,RU,1689461333
576,la roda,39.2167,-2.15,76.98,31,0,7.47,ES,1689461123
577,korkuteli,37.065,30.1957,75.31,45,0,5.3,TR,1689461333
578,aswan,24.0934,32.907,94.3,15,0,4.61,EG,1689461334
579,linxia chengguanzhen,35.6003,103.2064,58.3,60,1,5.5,CN,1689461334
580,arraial do cabo,-22.9661,-42.0278,67.86,73,0,10.36,BR,1689461335
581,okhotsk,59.3833,143.3,56.23,86,100,5.03,RU,1689461335
582,dakhla,23.6848,-15.958,69.1,87,0,25.79,EH,1689461335
583,nova xavantina,-14.6667,-52.35,76.23,39,14,2.73,BR,1689461336
584,sao caetano de odivelas,-0.75,-48.02,76.73,90,64,8.37,BR,1689461336
585,calvinia,-31.4707,19.776,46.4,42,5,5.01,ZA,1689461337
